{"task": 0, "acc": 99.6, "avg_acc": 99.6, "forgetting": 0.0, "acc_per_task": [99.6], "bwt": 0.0, "fwt": 0.0}
{"task": 1, "acc": 97.1, "avg_acc": 98.35, "forgetting": 0.0, "acc_per_task": [99.8, 94.4], "bwt": 0.0, "fwt": 99.8}
{"task": 2, "acc": 96.53, "avg_acc": 97.74, "forgetting": 0.2, "acc_per_task": [99.2, 95.4, 95.0], "bwt": -0.13, "fwt": 98.13}
{"task": 3, "acc": 93.6, "avg_acc": 96.71, "forgetting": 0.2, "acc_per_task": [98.6, 95.0, 93.4, 87.4], "bwt": -0.13, "fwt": 96.9}
{"task": 4, "acc": 92.2, "avg_acc": 95.81, "forgetting": 1.45, "acc_per_task": [96.0, 94.8, 93.6, 91.8, 84.8], "bwt": -0.54, "fwt": 95.76}
{"task": 5, "acc": 89.5, "avg_acc": 94.76, "forgetting": 1.32, "acc_per_task": [95.4, 93.4, 91.6, 90.6, 84.8, 81.2], "bwt": -0.72, "fwt": 94.23}
{"task": 6, "acc": 87.4, "avg_acc": 93.7, "forgetting": 3.466667, "acc_per_task": [92.6, 92.4, 89.2, 89.6, 82.2, 82.2, 83.6], "bwt": -1.24, "fwt": 92.46}
{"task": 7, "acc": 86.08, "avg_acc": 92.75, "forgetting": 3.114286, "acc_per_task": [90.4, 91.0, 89.4, 89.2, 83.6, 82.6, 81.4, 81.0], "bwt": -1.51, "fwt": 91.04}
{"task": 8, "acc": 86.64, "avg_acc": 92.07, "forgetting": 3.6, "acc_per_task": [91.0, 90.6, 89.0, 89.2, 80.8, 81.0, 82.2, 82.6, 93.4], "bwt": -1.79, "fwt": 89.88}
{"task": 9, "acc": 85.32, "avg_acc": 91.4, "forgetting": 4.288889, "acc_per_task": [91.0, 89.4, 87.6, 89.4, 79.8, 78.2, 79.2, 80.8, 94.2, 83.6], "bwt": -2.13, "fwt": 89.0}
{"task": 10, "acc": 84.67, "avg_acc": 90.79, "forgetting": 4.78, "acc_per_task": [89.6, 88.8, 84.6, 89.0, 78.8, 75.0, 80.0, 81.4, 94.0, 81.2, 89.0], "bwt": -2.46, "fwt": 88.14}
{"task": 11, "acc": 85.27, "avg_acc": 90.33, "forgetting": 4.672727, "acc_per_task": [88.6, 88.0, 83.0, 88.8, 80.8, 75.2, 79.4, 81.2, 95.0, 82.0, 86.6, 94.6], "bwt": -2.68, "fwt": 87.52}
{"task": 12, "acc": 82.06, "avg_acc": 89.69, "forgetting": 6.583333, "acc_per_task": [88.2, 86.0, 83.0, 88.4, 79.4, 71.0, 75.8, 72.0, 94.6, 79.8, 85.2, 93.8, 69.6], "bwt": -3.16, "fwt": 86.84}
{"task": 13, "acc": 82.91, "avg_acc": 89.21, "forgetting": 5.769231, "acc_per_task": [88.2, 87.0, 82.6, 86.2, 79.6, 73.0, 78.6, 73.4, 94.0, 81.8, 85.6, 92.8, 69.4, 88.6], "bwt": -3.42, "fwt": 86.22}
{"task": 14, "acc": 83.17, "avg_acc": 88.8, "forgetting": 5.514286, "acc_per_task": [88.8, 88.4, 82.0, 85.6, 80.6, 74.4, 78.8, 73.6, 91.6, 81.2, 85.0, 92.8, 67.4, 86.6, 90.8], "bwt": -3.61, "fwt": 85.74}
{"task": 15, "acc": 82.26, "avg_acc": 88.4, "forgetting": 6.053333, "acc_per_task": [88.0, 88.8, 79.8, 86.2, 79.6, 70.2, 79.0, 75.8, 92.2, 79.4, 84.8, 93.0, 64.0, 84.4, 87.6, 83.4], "bwt": -3.83, "fwt": 85.29}
{"task": 16, "acc": 81.61, "avg_acc": 88.0, "forgetting": 6.6625, "acc_per_task": [87.8, 88.6, 79.8, 85.2, 80.0, 69.0, 77.0, 74.2, 92.0, 74.8, 85.4, 91.4, 64.6, 83.8, 86.6, 79.8, 87.4], "bwt": -4.09, "fwt": 84.82}
{"task": 17, "acc": 80.88, "avg_acc": 87.6, "forgetting": 7.164706, "acc_per_task": [86.2, 88.2, 80.4, 83.8, 79.2, 69.6, 76.2, 72.6, 91.0, 75.8, 85.0, 91.2, 62.0, 83.6, 84.6, 79.0, 79.6, 87.8], "bwt": -4.36, "fwt": 84.33}
{"task": 18, "acc": 80.64, "avg_acc": 87.23, "forgetting": 7.666667, "acc_per_task": [87.6, 88.2, 78.8, 78.8, 75.0, 69.2, 77.0, 74.4, 87.0, 75.8, 84.4, 92.4, 62.6, 84.4, 85.6, 78.2, 80.2, 83.2, 89.4], "bwt": -4.65, "fwt": 83.89}
{"task": 19, "acc": 79.17, "avg_acc": 86.83, "forgetting": 8.715789, "acc_per_task": [86.4, 86.2, 72.2, 80.6, 78.0, 57.6, 76.2, 72.2, 89.0, 75.4, 84.8, 91.2, 62.8, 83.8, 84.6, 79.0, 81.0, 78.8, 77.6, 86.0], "bwt": -5.0, "fwt": 83.39}
{"last": 79.17, "avg": 86.83}
