{"task": 0, "acc": 99.6, "avg_acc": 99.6, "forgetting": 0.0, "acc_per_task": [99.6], "bwt": 0.0, "fwt": 0.0}
{"task": 1, "acc": 98.0, "avg_acc": 98.8, "forgetting": 0.0, "acc_per_task": [99.0, 97.0], "bwt": 0.0, "fwt": 99.0}
{"task": 2, "acc": 96.8, "avg_acc": 98.13, "forgetting": 0.5, "acc_per_task": [98.6, 94.0, 97.8], "bwt": -0.33, "fwt": 97.2}
{"task": 3, "acc": 94.45, "avg_acc": 97.21, "forgetting": 1.933333, "acc_per_task": [96.4, 94.4, 91.0, 96.0], "bwt": -1.13, "fwt": 95.57}
{"task": 4, "acc": 91.2, "avg_acc": 96.01, "forgetting": 5.45, "acc_per_task": [91.0, 91.8, 89.8, 89.2, 94.2], "bwt": -2.86, "fwt": 93.52}
{"task": 5, "acc": 88.87, "avg_acc": 94.82, "forgetting": 6.12, "acc_per_task": [93.8, 90.8, 87.4, 87.8, 81.8, 91.6], "bwt": -3.95, "fwt": 91.79}
{"task": 6, "acc": 85.91, "avg_acc": 93.55, "forgetting": 9.466667, "acc_per_task": [81.8, 90.4, 88.8, 89.0, 77.8, 80.0, 93.6], "bwt": -5.52, "fwt": 89.74}
{"task": 7, "acc": 84.2, "avg_acc": 92.38, "forgetting": 10.257143, "acc_per_task": [85.6, 89.0, 86.8, 88.2, 81.0, 73.8, 78.0, 91.2], "bwt": -6.71, "fwt": 88.11}
{"task": 8, "acc": 86.22, "avg_acc": 91.69, "forgetting": 9.175, "acc_per_task": [90.6, 88.6, 88.2, 87.0, 80.0, 80.4, 81.6, 83.0, 96.6], "bwt": -7.26, "fwt": 87.4}
{"task": 9, "acc": 82.86, "avg_acc": 90.81, "forgetting": 12.977778, "acc_per_task": [84.2, 87.4, 86.6, 87.6, 73.4, 73.2, 75.6, 76.2, 93.2, 91.2], "bwt": -8.4, "fwt": 86.31}
{"task": 10, "acc": 82.87, "avg_acc": 90.09, "forgetting": 12.14, "acc_per_task": [87.2, 87.2, 75.0, 87.2, 77.2, 69.6, 77.8, 80.8, 94.2, 79.8, 95.6], "bwt": -9.08, "fwt": 85.45}
{"task": 11, "acc": 84.23, "avg_acc": 89.6, "forgetting": 10.872727, "acc_per_task": [87.2, 86.8, 82.2, 87.4, 80.2, 73.0, 78.4, 78.4, 93.8, 81.8, 84.0, 97.6], "bwt": -9.38, "fwt": 85.05}
{"task": 12, "acc": 80.58, "avg_acc": 88.91, "forgetting": 14.483333, "acc_per_task": [84.0, 82.6, 80.8, 87.4, 75.4, 65.6, 74.0, 66.8, 93.0, 76.2, 84.8, 90.6, 86.4], "bwt": -10.16, "fwt": 84.28}
{"task": 13, "acc": 81.36, "avg_acc": 88.37, "forgetting": 12.569231, "acc_per_task": [88.2, 86.4, 78.0, 83.0, 79.0, 68.8, 78.8, 70.4, 93.8, 79.8, 84.0, 88.4, 65.6, 94.8], "bwt": -10.51, "fwt": 83.72}
{"task": 14, "acc": 81.52, "avg_acc": 87.91, "forgetting": 13.171429, "acc_per_task": [88.2, 85.4, 77.2, 85.4, 80.0, 73.6, 78.0, 74.8, 84.0, 79.4, 82.8, 89.4, 65.8, 82.8, 96.0], "bwt": -10.86, "fwt": 83.29}
{"task": 15, "acc": 79.74, "avg_acc": 87.4, "forgetting": 15.093333, "acc_per_task": [86.2, 84.6, 77.4, 85.8, 77.2, 61.6, 73.4, 72.8, 89.4, 73.0, 85.2, 90.8, 59.4, 80.0, 85.8, 93.2], "bwt": -11.39, "fwt": 82.73}
{"task": 16, "acc": 80.08, "avg_acc": 86.97, "forgetting": 14.5125, "acc_per_task": [86.6, 88.4, 77.4, 82.8, 77.4, 58.8, 75.6, 74.8, 90.8, 68.6, 84.2, 90.6, 64.6, 83.6, 82.8, 77.4, 97.0], "bwt": -11.76, "fwt": 82.3}
{"task": 17, "acc": 79.47, "avg_acc": 86.55, "forgetting": 14.741176, "acc_per_task": [84.8, 87.2, 79.6, 81.4, 78.6, 68.2, 74.0, 69.4, 88.8, 70.8, 85.0, 90.2, 59.0, 83.2, 83.6, 78.0, 73.0, 95.6], "bwt": -12.09, "fwt": 81.88}
{"task": 18, "acc": 78.0, "avg_acc": 86.1, "forgetting": 16.855556, "acc_per_task": [85.4, 83.2, 79.0, 75.8, 65.2, 63.4, 71.4, 73.8, 78.4, 74.4, 78.2, 91.8, 61.0, 83.6, 84.0, 77.6, 79.8, 79.0, 97.0], "bwt": -12.59, "fwt": 81.36}
{"task": 19, "acc": 75.49, "avg_acc": 85.57, "forgetting": 18.673684, "acc_per_task": [83.2, 86.0, 63.0, 76.8, 75.6, 40.0, 67.6, 71.0, 89.0, 74.4, 80.6, 88.4, 58.4, 81.4, 83.2, 78.4, 76.4, 76.8, 65.6, 94.0], "bwt": -13.2, "fwt": 80.67}
{"last": 75.49, "avg": 85.57}
