{"task": 0, "acc": 97.9, "avg_acc": 97.9, "forgetting": 0.0, "acc_per_task": [97.9], "bwt": 0.0, "fwt": 0.0}
{"task": 1, "acc": 93.0, "avg_acc": 95.45, "forgetting": 0.0, "acc_per_task": [97.1, 88.9], "bwt": 0.0, "fwt": 97.1}
{"task": 2, "acc": 89.47, "avg_acc": 93.46, "forgetting": 1.25, "acc_per_task": [95.4, 90.1, 82.9], "bwt": -0.83, "fwt": 94.2}
{"task": 3, "acc": 85.62, "avg_acc": 91.5, "forgetting": 2.633333, "acc_per_task": [90.0, 88.9, 80.7, 82.9], "bwt": -1.73, "fwt": 90.37}
{"task": 4, "acc": 85.0, "avg_acc": 90.2, "forgetting": 3.9, "acc_per_task": [89.4, 88.2, 77.7, 79.7, 90.0], "bwt": -2.48, "fwt": 87.72}
{"task": 5, "acc": 85.5, "avg_acc": 89.42, "forgetting": 4.38, "acc_per_task": [89.5, 86.3, 76.8, 79.3, 88.7, 92.4], "bwt": -3.03, "fwt": 86.52}
{"task": 6, "acc": 82.03, "avg_acc": 88.36, "forgetting": 6.55, "acc_per_task": [86.7, 84.1, 74.0, 72.7, 87.0, 89.8, 79.9], "bwt": -3.98, "fwt": 85.34}
{"task": 7, "acc": 82.05, "avg_acc": 87.57, "forgetting": 6.271429, "acc_per_task": [86.6, 83.1, 74.5, 75.3, 83.4, 89.4, 75.8, 88.3], "bwt": -4.51, "fwt": 84.29}
{"task": 8, "acc": 80.84, "avg_acc": 86.82, "forgetting": 7.2375, "acc_per_task": [87.3, 80.8, 72.2, 73.9, 82.0, 88.8, 73.2, 82.8, 86.6], "bwt": -5.08, "fwt": 83.37}
{"task": 9, "acc": 79.53, "avg_acc": 86.09, "forgetting": 8.522222, "acc_per_task": [85.5, 75.3, 67.0, 73.9, 81.2, 88.7, 73.8, 82.3, 81.9, 85.7], "bwt": -5.74, "fwt": 82.46}
{"last": 79.53, "avg": 86.09}
