{"task": 0, "acc": 86.78, "avg_acc": 86.78, "forgetting": 0.0, "acc_per_task": [86.78], "bwt": 0.0, "fwt": 0.0}
{"task": 1, "acc": 86.02, "avg_acc": 86.4, "forgetting": 0.0, "acc_per_task": [85.72, 89.0], "bwt": 0.0, "fwt": 85.72}
{"task": 2, "acc": 85.93, "avg_acc": 86.24, "forgetting": 0.88, "acc_per_task": [85.02, 86.4, 94.6], "bwt": -0.59, "fwt": 85.71}
{"task": 3, "acc": 82.77, "avg_acc": 85.38, "forgetting": 2.926667, "acc_per_task": [82.6, 84.4, 93.6, 72.0], "bwt": -1.76, "fwt": 86.29}
{"task": 4, "acc": 83.56, "avg_acc": 85.01, "forgetting": 2.235, "acc_per_task": [83.44, 85.4, 92.6, 68.8, 88.6], "bwt": -1.95, "fwt": 84.8}
{"task": 5, "acc": 83.45, "avg_acc": 84.75, "forgetting": 2.924, "acc_per_task": [83.16, 85.2, 92.0, 67.4, 85.8, 89.8], "bwt": -2.27, "fwt": 84.1}
{"task": 6, "acc": 82.56, "avg_acc": 84.44, "forgetting": 4.043333, "acc_per_task": [82.12, 84.2, 92.4, 64.0, 84.0, 88.8, 86.4], "bwt": -2.78, "fwt": 83.67}
{"task": 7, "acc": 81.96, "avg_acc": 84.13, "forgetting": 4.071429, "acc_per_task": [81.08, 83.8, 92.0, 64.4, 84.2, 86.8, 81.8, 89.6], "bwt": -3.1, "fwt": 83.26}
{"task": 8, "acc": 81.51, "avg_acc": 83.84, "forgetting": 4.5725, "acc_per_task": [80.8, 84.8, 91.6, 62.2, 84.6, 85.8, 80.8, 81.4, 88.0], "bwt": -3.43, "fwt": 82.86}
{"task": 9, "acc": 80.94, "avg_acc": 83.55, "forgetting": 5.166667, "acc_per_task": [79.68, 84.0, 91.8, 63.2, 84.6, 86.6, 78.8, 81.6, 81.4, 89.0], "bwt": -3.78, "fwt": 82.55}
{"task": 10, "acc": 79.48, "avg_acc": 83.18, "forgetting": 6.026, "acc_per_task": [77.32, 84.0, 91.4, 61.6, 84.4, 84.8, 80.0, 81.0, 80.0, 82.4, 86.8], "bwt": -4.19, "fwt": 82.21}
{"last": 79.48, "avg": 83.18}
